employee_id,employee_name,email,password,failed_attempts,geo_distance_km,access_time,api_rate,trust_score
E001,Aarav Sharma,aarav.sharma@gmail.com,yK2R8jLm,0,2.5,10:34,5,0.95
E002,Priya Patel,priya.patel@gmail.com,Tq9s2nFd,2,15.2,02:15,8,0.58
E003,Rohit Mehra,rohit.mehra@gmail.com,Ra7v3bPn,6,50.1,23:55,25,0.22
E004,Kavita Reddy,kavita.reddy@gmail.com,Pm1u7hXe,1,0.9,08:10,3,0.97
E005,Sneha Nair,sneha.nair@gmail.com,Vt7uL0kX,0,0.4,13:45,2,0.99
E006,Arjun Joshi,arjun.joshi@gmail.com,s5J9rPw3,8,120.5,03:40,42,0.08
E007,Neha Verma,neha.verma@gmail.com,aN2e8bTf,3,20.3,22:20,18,0.45
E008,Rahul Gupta,rahul.gupta@gmail.com,Xk3V6yZe,0,4.1,09:50,5,0.89
E009,Isha Bhatia,isha.bhatia@gmail.com,pL4u7qHs,4,30.2,01:05,11,0.32
E010,Vivek Desai,vivek.desai@gmail.com,W1yZ5cOv,2,0.6,16:30,4,0.91
E011,Ananya Kulkarni,ananya.kulkarni@gmail.com,sT9m4zRf,0,3.8,11:25,6,0.94
E012,Sachin Choudhary,sachin.choudhary@gmail.com,eJ7u2pVx,5,60.5,23:10,28,0.20
E013,Nikita Shetty,nikita.shetty@gmail.com,F4b8wD9q,1,1.0,07:40,3,0.96
E014,Aryan Malhotra,aryan.malhotra@gmail.com,hV5r0LxE,0,0.2,12:30,2,1.00
E015,Divya Sinha,divya.sinha@gmail.com,mP2n6yAt,7,110.3,02:50,38,0.12
E016,Karan Dubey,karan.dubey@gmail.com,bQ3x7kJe,3,18.7,21:55,19,0.48
E017,Meera Iyer,meera.iyer@gmail.com,yC1g8oNw,0,5.3,10:10,5,0.87
E018,Parth Saxena,parth.saxena@gmail.com,Wv8u3jHy,4,28.1,00:45,12,0.30
E019,Tanya Jaiswal,tanya.jaiswal@gmail.com,Ln6s5dUb,2,0.7,14:50,4,0.92
E020,Ritika Pandey,ritika.pandey@gmail.com,oD7b9tLm,0,2.1,13:05,6,0.93
E021,Yash Thakur,yash.thakur@gmail.com,cF5e1pJq,2,13.4,03:30,9,0.56
E022,Simran Ghosh,simran.ghosh@gmail.com,Mz2y8kUv,6,45.9,23:40,27,0.24
E023,Mohit Bhatt,mohit.bhatt@gmail.com,Ru4w6nKj,1,1.3,08:25,3,0.96
E024,Shruti Rao,shruti.rao@gmail.com,Pb9t3hSv,0,0.3,12:50,2,0.99
E025,Aman Kapoor,aman.kapoor@gmail.com,Ks8f7qLn,8,130.0,02:20,41,0.07
E026,Harsh Agarwal,harsh.agarwal@gmail.com,Ey2p4dSv,3,25.2,22:05,16,0.42
E027,Pooja Bansal,pooja.bansal@gmail.com,Ql9r5jKe,0,4.7,11:00,5,0.91
E028,Dev Bose,dev.bose@gmail.com,Un6v3bPy,4,33.8,01:15,13,0.28
E029,Sonal Chopra,sonal.chopra@gmail.com,Dm3x8sLq,2,0.9,15:10,4,0.93
E030,Deepak Dixit,deepak.dixit@gmail.com,Jw5s9cKn,0,3.3,13:30,6,0.94
E031,Rhea Gill,rhea.gill@gmail.com,No8r2zJb,6,55.1,23:25,29,0.18
E032,Gaurav Jain,gaurav.jain@gmail.com,Ly1u6qTz,1,1.8,07:55,3,0.96
E033,Shreya Kaur,shreya.kaur@gmail.com,Rt2e7vHb,0,0.4,12:10,2,0.98
E034,Nilesh Lal,nilesh.lal@gmail.com,Hc7p3nAv,7,95.4,03:10,35,0.14
E035,Bhavya Mathur,bhavya.mathur@gmail.com,Pz9s4yQk,3,19.9,21:40,17,0.47
E036,Vishal Nanda,vishal.nanda@gmail.com,Kj5d8rWx,0,5.0,09:20,5,0.89
E037,Preeti Oberoi,preeti.oberoi@gmail.com,Fw6b2pLu,4,26.7,00:55,12,0.33
E038,Lakshay Pillai,lakshay.pillai@gmail.com,Uo3c9kFt,2,0.8,14:20,4,0.92
E039,Jyoti Qureshi,jyoti.qureshi@gmail.com,Zb2y4dXn,0,1.7,13:15,6,0.94
E040,Raj Rana,raj.rana@gmail.com,As5n1hLj,6,65.3,23:45,30,0.19
E041,Anushka Singh,anushka.singh@gmail.com,Hp7u9bFv,1,1.1,08:05,3,0.97
E042,Rajat Tiwari,rajat.tiwari@gmail.com,Do8q4eMb,0,0.5,11:50,2,0.99
E043,Chirag Uppal,chirag.uppal@gmail.com,Vr6m2pTw,8,140.8,02:40,40,0.06
E044,Payal Vaswani,payal.vaswani@gmail.com,Nt4e7yKp,3,23.4,22:45,18,0.43
E045,Tanvi Wadhwa,tanvi.wadhwa@gmail.com,Qs2l8rXo,0,3.2,10:25,5,0.90
E046,Manish Yadav,manish.yadav@gmail.com,Ym1k6bJs,4,30.9,01:30,13,0.31
E047,Kirti Zaveri,kirti.zaveri@gmail.com,Lb3o7pQv,2,0.6,15:35,4,0.92
E048,Nikhil Pathak,nikhil.pathak@gmail.com,Cf8v5eLu,0,2.0,12:40,6,0.93
E049,Surbhi Seth,surbhi.seth@gmail.com,Jk5y3nHc,5,40.6,23:20,26,0.21
E050,Sagar Sharma,sagar.sharma@gmail.com,Mn7t9xAr,1,0.9,07:30,3,0.97
E051,Aarav Patel,aarav.patel@gmail.com,wL7d3mVu,3,22.4,21:20,16,0.45
E052,Priya Mehra,priya.mehra@gmail.com,fK4p9tQc,0,2.6,09:10,4,0.93
E053,Rohit Reddy,rohit.reddy@gmail.com,Gj9s5nWm,5,47.2,23:35,24,0.23
E054,Kavita Nair,kavita.nair@gmail.com,sD2r8vJf,1,0.7,07:25,3,0.96
E055,Sneha Joshi,sneha.joshi@gmail.com,Bz6m2lXt,0,1.1,12:55,2,0.98
E056,Arjun Verma,arjun.verma@gmail.com,Ot3b9hLy,7,105.3,03:05,39,0.11
E057,Neha Gupta,neha.gupta@gmail.com,Fp7y3xUd,2,14.2,02:25,9,0.54
E058,Rahul Bhatia,rahul.bhatia@gmail.com,Nq8t5lRs,0,3.7,10:40,5,0.91
E059,Isha Desai,isha.desai@gmail.com,vS9n4kBw,4,29.6,00:35,12,0.30
E060,Vivek Kulkarni,vivek.kulkarni@gmail.com,jU5d2nPx,2,0.9,15:20,4,0.92
E061,Ananya Choudhary,ananya.choudhary@gmail.com,Dl3x7qNw,0,2.2,11:45,6,0.95
E062,Sachin Shetty,sachin.shetty@gmail.com,Zf4p8oKc,6,53.7,23:00,29,0.19
E063,Nikita Malhotra,nikita.malhotra@gmail.com,Ey1r6vHb,1,1.4,08:15,3,0.97
E064,Aryan Sinha,aryan.sinha@gmail.com,uT7e5qZv,0,0.3,12:20,2,0.99
E065,Divya Dubey,divya.dubey@gmail.com,Mj8s2dQk,8,125.9,02:55,41,0.08
E066,Karan Iyer,karan.iyer@gmail.com,Pn2v4yLa,3,20.1,22:15,17,0.44
E067,Meera Saxena,meera.saxena@gmail.com,Tc5m7zHv,0,4.9,09:30,5,0.88
E068,Parth Jaiswal,parth.jaiswal@gmail.com,Rb9n3sWx,4,27.8,01:25,13,0.29
E069,Tanya Pandey,tanya.pandey@gmail.com,Hm6s5yLb,2,0.8,14:40,4,0.92
E070,Ritika Thakur,ritika.thakur@gmail.com,Lz2c9vQd,0,2.4,13:35,6,0.94
E071,Yash Ghosh,yash.ghosh@gmail.com,Ft5e1bJs,2,12.9,03:45,8,0.57
E072,Simran Bhatt,simran.bhatt@gmail.com,Xu9w3lVn,5,43.2,23:30,26,0.22
E073,Mohit Rao,mohit.rao@gmail.com,Gk1r7fHc,1,1.6,08:50,3,0.96
E074,Shruti Kapoor,shruti.kapoor@gmail.com,Bp7u3xLy,0,0.5,13:00,2,0.99
E075,Aman Agarwal,aman.agarwal@gmail.com,Cy9p8oVs,8,135.5,02:10,42,0.06
E076,Harsh Bansal,harsh.bansal@gmail.com,Sl6r2mJq,3,24.7,21:50,18,0.41
E077,Pooja Bose,pooja.bose@gmail.com,Wq2e7lXp,0,4.3,10:05,5,0.90
E078,Dev Chopra,dev.chopra@gmail.com,Ur5v9sLf,4,35.4,01:10,12,0.27
E079,Sonal Dixit,sonal.dixit@gmail.com,Hj3x6qOw,2,1.0,15:45,4,0.93
E080,Deepak Gill,deepak.gill@gmail.com,Mn8y2tJb,0,3.5,12:45,6,0.95
E081,Rhea Jain,rhea.jain@gmail.com,Qk5n3vLu,6,61.8,23:15,30,0.17
E082,Gaurav Kaur,gaurav.kaur@gmail.com,Zo7b1nWf,1,2.0,07:40,3,0.97
E083,Shreya Lal,shreya.lal@gmail.com,Ni8d4xUv,0,0.4,12:05,2,0.98
E084,Nilesh Mathur,nilesh.mathur@gmail.com,Lp3r9kYt,7,98.2,03:20,36,0.13
E085,Bhavya Nanda,bhavya.nanda@gmail.com,Ew9v5oXq,3,18.4,22:00,19,0.46
E086,Vishal Oberoi,vishal.oberoi@gmail.com,Rs2m8zQy,0,4.8,09:15,5,0.89
E087,Preeti Pillai,preeti.pillai@gmail.com,Ju6l2tWk,4,31.2,00:40,13,0.32
E088,Lakshay Qureshi,lakshay.qureshi@gmail.com,Kf8y5hZn,2,1.3,14:10,4,0.92
E089,Jyoti Rana,jyoti.rana@gmail.com,Bc7e4pLw,0,2.1,13:25,6,0.94
E090,Raj Singh,raj.singh@gmail.com,Ft4s9nKb,6,70.5,23:50,31,0.18
E091,Anushka Tiwari,anushka.tiwari@gmail.com,Hx1u7bVd,1,1.0,08:20,3,0.97
E092,Rajat Uppal,rajat.uppal@gmail.com,Dl9m3qSw,0,0.6,11:40,2,0.99
E093,Chirag Vaswani,chirag.vaswani@gmail.com,Yn5r2oJk,8,145.7,02:35,39,0.07
E094,Payal Wadhwa,payal.wadhwa@gmail.com,Vo4l8rZs,3,21.5,22:30,18,0.42
E095,Tanvi Yadav,tanvi.yadav@gmail.com,Ki2p7tGc,0,3.1,10:50,5,0.91
E096,Manish Zaveri,manish.zaveri@gmail.com,Nr1b6cJu,4,28.5,01:45,13,0.30
E097,Kirti Pathak,kirti.pathak@gmail.com,Xp3v7dTu,2,0.9,15:15,4,0.92
E098,Nikhil Seth,nikhil.seth@gmail.com,Cu8k5rLo,0,2.3,12:30,6,0.93
E099,Surbhi Sharma,surbhi.sharma@gmail.com,Rb5y3qHe,5,38.9,23:05,25,0.22
E100,Sagar Patel,sagar.patel@gmail.com,Wn7t9mAx,1,1.0,07:10,3,0.97
